1,2944,5.5
1,2968,4.3
2,564,6.1
2,1205,7.8
2,713,5.2
2,867,4.6
2,1657,7.6
2,123,8.0
2,3517,9.6
3,1038,6.1
4,1998,7.4
5,1359,5.1
5,2682,4.9
5,552,9.6
5,858,7.5
5,62,4.8
5,817,6.6
5,889,8.1
6,211,9.7
6,568,3.9
6,2952,9.6
6,3521,8.4
6,493,5.5
6,667,10.0
6,1113,9.9
6,1125,9.6
6,2455,9.0
7,2634,7.0
7,1607,5.1
7,2839,9.4
7,3149,7.2
7,3287,6.1
7,3469,8.6
9,2225,9.3
9,1003,4.0
9,719,8.4
10,3517,9.1
10,3617,9.8
10,983,4.8
10,3180,7.8
10,3278,5.4
10,722,7.9
10,3294,8.8
11,2850,6.2
11,2763,7.9
11,1493,4.2
11,1589,8.3
11,1612,7.8
11,2665,8.8
11,2453,8.5
11,3663,6.5
11,1857,5.2
12,1817,8.6
12,1258,9.8
12,425,7.5
12,893,7.1
12,976,9.0
12,1596,5.0
12,1754,9.2
13,1266,8.7
13,2980,6.3
13,2263,4.6
13,2788,6.1
13,1538,5.4
13,3584,7.0
13,1955,7.6
13,1252,3.2
13,3312,3.5
14,54,7.1
14,2409,4.8
14,3217,5.2
14,714,6.5
14,2551,8.0
15,29,7.2
15,986,9.8
15,1010,5.7
15,303,6.3
15,695,9.3
17,228,4.1
17,1749,7.0
17,2948,9.6
17,1552,4.0
17,343,7.1
18,1223,7.6
18,1229,3.6
18,1899,8.3
18,3543,9.6
18,3439,8.2
18,3592,5.8
19,1552,3.9
19,2292,9.7
19,2360,6.2
19,295,5.9
19,3601,4.4
19,1104,7.1
19,1711,4.0
19,3621,6.9
19,848,7.0
20,2345,4.3
20,3415,9.8
20,1474,3.0
20,2110,4.4
20,1034,4.2
21,2555,9.1
21,486,3.1
21,307,5.9
21,2849,6.0
21,1871,4.6
21,3318,6.1
21,2860,6.9
21,685,8.0
22,2895,5.7
22,1708,9.9
23,1848,7.8
23,2184,4.5
23,2290,6.6
23,813,4.7
23,3314,9.6
23,2292,7.5
23,1296,3.7
23,3508,4.7
24,1248,7.3
24,2273,4.5
24,376,5.8
25,836,9.3
25,981,4.5
25,3265,9.1
25,2914,4.1
25,1668,3.1
25,821,6.1
25,2257,3.4
26,2119,4.2
26,3516,6.7
26,2397,3.4
26,221,3.3
26,2693,4.0
27,2744,8.5
27,1610,6.5
27,1494,5.2
28,2722,8.5
28,612,7.9
29,1642,7.4
29,3303,6.7
29,78,4.9
29,1311,5.8
29,853,6.7
29,3148,5.8
29,1314,9.2
29,445,5.0
30,2040,6.3
31,1949,7.3
32,161,9.1
32,912,3.6
32,3073,9.4
32,3002,4.1
32,734,3.0
33,3745,9.8
34,794,4.2
34,1772,3.1
34,1937,8.8
34,1340,6.3
34,1866,5.5
34,736,7.8
34,554,5.0
34,584,9.9
34,1703,9.7
35,3339,6.2
35,1956,7.7
35,2295,4.2
35,3447,3.4
35,1205,6.3
36,3316,9.8
36,802,7.2
36,1094,4.8
36,938,4.6
36,3253,4.2
38,3404,6.1
38,2812,7.9
38,3087,7.9
38,1339,6.3
38,504,4.5
38,31,6.2
38,1911,6.0
38,2893,6.7
38,1600,5.8
39,3412,8.8
39,1313,7.0
39,1961,5.7
39,56,4.9
39,311,9.9
39,2227,10.0
39,943,6.3
40,2705,4.8
40,574,4.6
40,439,9.5
40,3213,4.2
40,2016,4.2
40,1171,5.7
41,2487,7.6
42,957,5.5
42,3,3.8
42,154,6.9
42,1929,7.6
42,1892,8.7
42,3649,8.1
42,1554,6.9
43,3595,5.8
43,2006,6.0
45,1019,5.2
45,2336,5.4
45,2593,4.2
45,3709,3.2
45,1463,8.4
45,678,3.2
45,898,6.0
46,93,7.2
46,3593,8.6
46,1045,3.9
46,762,8.3
47,204,8.0
47,127,8.8
47,1644,9.0
47,477,4.4
49,1541,5.7
49,667,9.6
49,1094,5.5
50,1405,7.7
50,2546,9.6
50,1781,6.4
50,731,8.1
50,1913,7.0
50,1563,9.6
50,2369,9.2
50,598,3.5
50,2430,6.4
51,1612,8.4
51,3592,4.2
52,2921,9.7
52,802,3.2
52,380,5.5
52,629,7.1
52,2408,8.7
52,2493,6.0
52,3192,6.5
52,3157,6.5
53,1617,3.9
53,1950,4.1
53,2360,6.0
53,1888,5.7
53,382,9.8
53,1335,9.3
53,3592,7.5
53,197,9.5
53,1652,9.3
54,119,6.7
54,2039,5.0
54,1736,7.1
54,3296,4.0
55,816,4.0
56,3541,6.3
56,114,6.6
56,3436,4.0
56,1091,4.6
56,3621,9.2
56,3660,8.0
57,2584,7.6
57,1566,7.1
57,507,7.4
57,2706,8.8
57,1931,3.1
57,2370,8.3
57,1096,3.2
57,855,9.0
57,2339,3.4
58,999,4.3
59,1091,3.6
59,2465,7.4
59,2051,3.9
59,2801,7.3
59,155,4.8
59,3409,7.3
60,3732,4.8
60,2301,6.6
60,2294,6.1
60,3071,9.0
60,3685,7.0
60,672,8.9
60,691,3.7
61,3412,9.9
61,3589,8.0
63,1705,7.4
63,3685,8.5
63,39,7.3
64,191,7.6
64,2776,3.4
64,1603,5.8
65,293,4.6
67,2567,6.9
68,1534,7.8
68,1683,7.6
68,1347,6.7
68,2823,6.3
68,3448,7.0
68,2692,9.8
68,3192,4.1
68,1277,6.5
69,1480,4.5
69,1631,9.9
69,1367,7.8
69,1732,8.7
69,2638,5.9
69,1654,8.6
69,207,4.7
69,2636,5.7
69,2609,7.9
70,3315,7.5
70,2887,5.2
71,1444,7.5
71,759,5.0
71,137,5.4
71,2953,4.2
71,821,4.6
72,669,7.3
73,2398,5.1
73,390,4.8
74,8,3.4
74,1590,5.6
74,3192,9.5
74,1459,3.5
74,3457,4.7
74,341,9.3
74,2418,9.0
74,2547,5.5
75,2889,4.4
75,2044,9.9
75,2602,7.0
75,2705,9.2
75,1702,9.5
76,3688,8.7
76,3119,9.7
76,2719,5.7
76,3632,4.8
76,2533,9.6
76,809,6.8
76,417,4.2
76,1461,6.1
77,2230,3.4
77,3440,5.2
77,2799,3.5
77,2648,6.0
77,3022,5.3
77,2096,6.8
77,233,7.4
77,1500,4.2
78,1445,6.5
78,1390,5.4
78,1389,7.6
78,107,6.9
78,486,6.8
78,1558,7.0
78,1266,3.3
78,2807,9.0
78,3014,6.4
79,528,3.6
79,1978,5.9
79,116,4.2
79,1684,6.7
79,3313,4.5
79,1437,9.7
79,3439,8.6
79,1824,3.5
80,951,5.8
80,329,5.5
81,1937,4.8
81,267,9.1
82,3572,9.6
84,2206,7.2
84,2640,8.5
85,907,9.3
85,983,4.2
85,2626,8.6
85,2916,5.9
85,439,6.5
85,136,4.2
85,2288,7.4
85,2291,3.9
86,634,4.5
86,3273,7.6
86,1138,9.0
88,946,5.9
88,2270,6.4
88,1883,6.6
88,742,9.2
88,1736,9.8
88,2123,4.8
88,1820,7.1
88,482,9.5
89,3572,6.6
89,266,7.3
89,2561,5.7
90,977,8.8
90,3064,5.2
90,2352,8.3
90,680,8.6
90,2474,9.9
90,2722,7.0
91,1690,5.1
91,3553,9.8
91,3766,3.7
91,2598,9.0
91,709,10.0
91,1616,9.8
91,51,7.1
92,1159,3.8
92,3367,9.5
93,806,8.8
93,299,8.1
94,1280,8.3
94,659,9.4
94,546,5.6
94,1986,5.2
94,2223,4.4
94,2467,8.3
95,3506,7.9
95,3637,6.6
95,2450,3.9
95,1318,5.0
95,816,4.7
95,1379,6.8
96,979,5.8
96,151,8.2
96,1168,3.2
97,2258,9.0
97,379,7.4
97,1289,9.3
97,985,7.4
97,3400,9.2
97,2514,6.3
97,1706,3.6
97,3441,3.0
98,1075,9.2
99,2966,3.7
99,1298,7.1
99,2225,6.0
99,965,7.6
100,111,8.1
100,492,9.9
100,3048,4.7
100,221,5.3
100,1634,5.5
100,1763,4.4
101,522,9.3
101,1451,9.1
101,3643,9.6
101,1522,5.3
101,1412,5.8
101,2071,6.2
101,2487,5.0
101,2193,8.9
102,363,8.1
102,139,9.7
102,1440,7.7
102,1627,6.7
102,3102,6.6
102,3691,8.0
102,2346,8.8
102,58,5.5
103,281,5.2
103,654,3.3
103,1085,8.1
104,2966,6.8
104,2398,5.9
104,898,5.0
104,585,7.5
104,3618,8.8
104,27,4.0
104,2286,9.5
105,2195,4.3
106,3221,6.5
108,3127,4.4
108,2134,8.1
108,1323,7.6
108,3023,6.1
108,904,9.0
108,1569,4.5
108,2150,9.7
108,2897,8.7
108,2855,5.9
109,1207,4.2
109,806,9.9
109,877,6.6
109,3082,7.3
109,3529,4.3
109,3065,9.6
109,1157,4.0
110,337,7.8
110,146,7.1
110,1546,3.7
110,2732,6.0
111,1817,5.3
112,3460,4.0
112,484,7.9
113,2535,7.5
113,2149,7.3
113,1326,3.2
113,2453,5.6
113,2668,9.9
113,3417,7.4
113,2273,3.9
113,3119,6.6
113,901,7.8
114,3530,8.9
114,3758,7.7
114,419,6.5
114,3414,5.8
114,3687,5.4
114,708,3.4
114,2393,7.6
115,1821,3.8
115,3302,4.4
115,529,5.4
115,734,7.5
115,2151,9.4
115,720,3.5
116,2197,9.1
117,442,7.0
118,3349,4.8
118,2769,9.2
118,1654,8.1
118,1168,7.5
118,327,5.4
118,1020,3.5
118,3624,8.6
118,1642,8.9
119,2337,9.1
120,3353,6.9
120,1845,3.6
121,1659,3.8
121,2857,8.8
121,2044,9.1
122,1806,4.7
122,1311,7.6
122,3771,3.1
122,3752,8.3
122,2012,5.5
122,1493,4.9
122,712,6.3
122,990,6.6
122,2877,9.6
123,215,6.4
124,973,6.3
124,786,3.3
124,1370,5.3
124,960,9.0
125,3688,5.5
125,86,5.9
126,2614,3.7
126,1663,4.4
126,3038,7.8
126,2247,4.2
126,2159,7.4
126,2441,9.5
126,2313,9.6
126,2755,3.1
127,1490,9.0
127,3271,7.1
127,3133,8.2
128,2805,5.9
128,2432,9.3
128,1939,6.3
128,3002,9.5
128,3343,5.1
128,356,8.8
128,1929,7.8
128,1483,5.6
129,2673,8.6
129,3712,7.0
129,2941,8.4
129,1952,8.3
129,1119,8.6
129,1416,9.1
129,1296,5.0
129,1517,8.2
130,2147,5.9
130,1614,4.1
130,3375,6.9
130,1296,9.0
130,100,9.9
130,2809,8.0
130,510,8.9
130,2042,7.4
130,360,7.2
133,2824,7.5
134,1062,7.5
134,1025,8.2
134,2849,4.4
134,564,3.7
135,906,7.8
135,1081,6.9
135,3087,9.1
136,1989,6.2
136,3000,7.1
136,3381,4.7
137,3316,7.4
137,2317,9.5
137,1127,4.9
137,777,7.7
137,2194,8.4
138,2335,5.2
138,212,9.3
138,387,3.6
138,2715,5.6
138,1503,6.1
138,2835,7.6
138,887,3.6
138,621,7.9
139,1354,7.1
139,1696,3.0
140,1113,5.1
140,1581,6.1
140,2080,6.8
140,2400,7.0
140,163,8.0
141,1035,9.9
141,2921,9.5
141,1164,4.6
141,2087,8.5
141,3702,6.3
141,3355,5.9
143,523,8.0
143,613,6.7
143,3358,3.0
143,2661,8.6
143,3027,7.5
143,1371,5.6
143,2005,8.3
143,3520,6.5
144,2133,4.9
144,3702,9.2
144,2183,7.7
145,3686,6.8
145,1706,3.1
145,1709,7.8
145,1109,6.8
145,2434,3.6
145,2966,9.4
145,521,5.8
145,1859,8.4
145,78,5.1
146,2254,5.3
146,3233,3.9
146,2260,6.9
146,3291,4.3
146,2562,8.0
146,3171,9.7
146,761,6.0
147,2192,4.8
147,2221,5.7
147,1120,6.4
147,2340,7.6
147,2310,4.2
147,1771,4.4
148,771,4.3
151,1837,6.3
151,1591,4.8
151,37,9.5
151,2061,6.3
151,1310,5.0
151,487,6.4
151,1,4.9
152,1273,8.7
152,1840,8.7
152,988,5.2
152,1215,4.8
153,923,3.6
153,2818,3.9
153,2025,5.4
154,2807,6.3
154,980,8.3
154,2204,8.9
154,2256,6.2
154,2239,6.6
154,2503,5.7
154,386,10.0
154,2060,6.9
154,3233,5.8
155,2305,8.4
155,1666,8.0
155,863,8.3
155,3412,4.4
155,3649,8.1
156,2131,5.0
156,967,5.8
156,37,4.1
156,3176,5.8
157,633,7.7
157,2031,5.6
157,2294,6.5
157,3196,7.2
157,2362,5.4
157,2530,4.0
157,2474,7.2
158,1781,7.7
158,1129,7.8
158,1493,4.3
159,2059,7.8
159,1264,4.1
159,1102,8.9
159,2497,4.5
159,1658,7.2
159,225,8.1
159,1654,9.8
159,1240,9.1
160,1719,7.3
160,1431,7.5
161,2554,4.6
161,1747,9.4
161,800,4.1
161,2515,7.8
161,425,6.7
161,3672,9.9
161,569,6.1
161,67,3.9
161,1723,9.8
162,861,5.0
162,3667,3.1
163,3266,3.2
163,294,3.6
163,3415,4.9
163,1139,3.9
163,466,3.1
164,1353,3.6
164,2248,8.2
164,2014,4.5
164,159,7.2
164,2978,8.7
164,567,5.2
164,1366,6.7
164,13,8.5
165,3149,5.5
165,932,8.6
166,1712,4.4
167,1543,6.0
167,2777,6.8
167,1471,3.2
167,642,4.3
167,341,9.6
167,2513,9.8
167,2762,7.7
167,118,3.6
167,426,7.5
168,841,3.4
168,3557,3.9
168,1844,3.2
168,3234,9.9
169,970,9.4
170,2235,6.2
170,551,9.9
170,3619,9.3
170,3321,5.3
170,2254,5.4
170,1663,9.7
170,1440,3.0
170,3695,6.3
172,2798,6.9
172,604,3.2
173,717,8.4
173,2188,4.1
173,972,6.8
173,3192,7.7
173,2866,4.6
173,2488,5.4
173,2978,6.3
173,1092,9.1
173,3464,9.4
174,2638,6.1
174,825,4.1
174,354,4.9
174,2087,4.9
174,153,5.5
175,2163,5.5
175,3353,3.4
175,1081,5.8
175,1301,6.2
175,1695,8.6
175,969,5.7
175,2818,7.3
175,2277,4.4
176,2029,7.9
176,998,4.4
177,1368,6.3
177,1356,5.9
177,2453,5.5
177,345,3.2
177,1223,5.5
177,1244,9.2
177,1286,3.9
177,69,5.9
178,3641,9.5
178,1723,7.0
178,3257,4.5
178,1018,7.8
178,3769,7.9
178,1883,7.7
178,2612,3.2
178,529,3.4
178,814,4.4
180,2095,7.5
180,2698,8.1
180,731,8.9
180,534,9.9
180,432,9.1
181,3078,9.8
181,2255,5.3
181,2425,8.3
181,2159,9.3
181,460,7.1
181,398,7.0
181,989,4.2
181,2022,6.7
181,1873,9.5
182,466,3.9
182,3598,8.6
182,2562,5.7
182,119,8.7
182,1956,3.6
182,1781,3.5
182,21,6.9
183,632,4.8
183,2781,3.5
183,1568,6.5
183,1864,5.9
184,3652,4.1
184,1779,4.5
185,3494,4.1
185,382,8.5
185,23,3.2
186,3147,9.9
186,108,4.7
186,1308,6.3
186,244,3.9
186,1382,6.3
186,3164,5.9
186,1352,5.0
186,2318,5.0
186,284,8.9
187,1612,7.4
187,2774,7.6
188,1499,4.5
188,182,6.4
188,371,7.8
188,1962,8.1
189,2272,5.3
189,1894,8.4
189,2894,7.9
189,427,5.2
189,919,7.8
189,3709,3.2
190,3396,8.0
190,3353,5.4
191,1963,9.6
191,1664,9.2
191,2598,5.9
191,3676,5.3
191,1957,3.3
191,2359,7.8
191,3208,6.7
191,2080,5.7
192,3306,8.0
192,1129,10.0
193,1670,7.7
193,3131,5.5
193,2412,5.6
193,3366,3.1
193,3603,9.6
193,954,3.3
194,3268,6.6
195,706,3.2
195,1610,4.2
195,1101,8.2
195,2500,7.4
195,1000,8.0
195,3479,3.2
195,1507,3.7
195,541,4.9
195,1833,4.6
196,988,3.5
196,1564,5.7
196,534,3.7
196,202,6.1
196,2625,6.4
196,2248,3.2
197,2055,6.3
197,61,3.4
197,3089,3.1
197,1388,8.7
197,2459,4.5
197,2902,5.6
197,944,6.7
198,965,7.3
198,1916,9.6
198,1637,8.2
198,1765,8.9
198,1280,4.7
198,3636,4.7
198,755,5.8
198,426,5.7
198,3013,6.9
199,1003,4.0
199,2151,7.9
199,1828,3.5
199,660,9.8
200,165,7.6
201,1943,4.9
201,3042,8.3
201,1703,3.2
201,2856,7.1
201,1889,9.0
201,3270,7.4
201,362,4.3
201,2507,8.0
201,2856,8.6
202,982,4.7
202,838,4.0
202,3354,5.8
203,1000,7.0
203,399,8.9
203,3454,3.9
203,3025,5.2
203,3669,9.4
203,1781,5.0
204,2413,7.7
205,330,4.4
205,1028,3.4
205,3708,9.2
206,3044,5.9
206,1671,6.6
206,3425,9.9
207,675,7.1
207,414,4.6
207,3602,4.1
207,298,4.0
207,454,5.6
208,822,5.0
208,746,5.5
208,1114,9.6
208,1902,9.1
208,507,9.8
208,3694,3.1
208,983,8.6
209,3237,7.5
209,48,9.1
209,2508,5.8
209,2705,3.3
209,1684,3.1
209,1657,9.9
210,266,4.7
210,2474,9.8
210,381,9.0
211,2725,8.4
211,168,9.0
212,2347,4.3
212,2316,5.7
212,2131,5.5
212,787,9.0
214,2421,9.7
214,2140,8.4
214,353,7.5
214,1931,7.1
215,1130,6.3
215,1133,7.1
215,233,5.5
215,2249,4.8
215,3483,8.2
216,2584,5.8
216,1972,4.2
216,728,3.3
217,3034,4.0
218,1479,9.6
218,2645,8.7
218,679,3.2
218,516,9.4
218,3261,9.7
218,1064,3.8
218,2298,7.0
219,3709,9.1
219,3660,9.9
219,3275,7.1
219,274,7.4
220,1424,6.5
220,791,7.9
220,617,6.9
220,1752,7.8
220,3655,7.9
221,3361,5.1
221,2268,9.7
221,3606,3.4
221,3366,5.6
221,816,7.1
221,755,8.2
221,1889,5.1
221,12,9.4
221,746,4.5
222,1910,8.9
222,335,9.1
224,1463,4.1
224,3393,7.7
224,2419,6.6
224,477,7.1
224,3759,8.5
224,2273,7.3
224,869,6.1
224,1651,7.8
225,195,5.4
225,2329,9.6
225,2029,7.8
225,3120,3.8
225,3484,8.4
225,1653,3.9
225,3206,3.8
225,2901,5.6
226,3720,3.3
226,244,7.7
227,1290,4.6
227,2237,3.9
228,486,8.7
228,1469,9.2
228,3148,6.5
228,3146,6.5
228,1366,7.8
228,2626,9.8
228,960,9.7
229,786,7.2
229,1890,7.1
229,3552,8.8
229,330,9.1
229,672,9.7
229,2653,8.2
229,3613,9.5
230,2894,3.2
230,2783,6.5
230,2176,5.0
230,1473,9.1
230,346,7.2
230,3527,3.1
230,818,5.9
231,752,6.2
231,673,8.6
231,2300,4.2
231,1315,6.3
231,285,9.0
231,760,3.6
231,1503,6.3
231,1239,8.6
232,2780,3.1
232,586,7.9
232,679,3.2
232,2189,5.3
232,2047,5.3
232,375,4.8
232,2113,7.3
232,2261,6.9
233,1383,9.3
233,2603,9.5
233,23,6.3
234,863,6.4
234,2808,3.9
234,1683,6.6
234,3174,3.4
234,1201,3.2
234,1471,7.7
234,404,3.5
234,2075,3.7
235,3255,6.0
235,3543,4.7
235,2917,5.0
235,1744,7.6
235,642,5.1
235,900,3.1
235,3336,8.9
237,3481,8.6
238,3439,8.8
238,1465,3.0
238,1227,6.9
239,1652,9.8
240,2873,3.1
240,2888,8.0
240,2626,9.9
240,696,6.9
240,666,7.0
240,2876,3.5
240,3175,8.6
240,224,3.5
241,1942,4.1
242,2870,7.5
242,1821,9.2
242,3405,9.7
242,3214,9.5
243,155,6.4
243,294,5.1
243,2801,4.2
243,3375,9.9
243,3693,3.2
243,3444,9.4
243,1633,5.9
243,889,7.3
246,572,6.8
246,1101,7.1
246,790,7.6
246,2852,7.5
246,1457,9.2
246,2694,6.2
246,1956,4.0
246,2362,5.2
246,1325,8.5
247,3145,3.7
247,3246,3.2
247,779,4.1
247,3254,3.7
247,2342,8.9
247,1447,6.7
247,1157,6.1
249,3591,8.7
249,1996,9.9
249,2491,5.9
249,2096,8.0
249,3642,5.8
249,1650,5.5
250,3740,8.6
250,2997,6.0
251,2024,6.9
251,641,3.4
252,2573,4.0
252,1159,5.8
252,293,8.6
252,3463,7.1
252,2512,6.7
253,694,5.8
253,147,3.7
253,3175,5.8
253,554,6.9
253,3017,8.8
253,1526,7.9
253,1007,5.1
253,3670,4.7
254,3122,4.8
254,3307,7.6
255,1070,7.8
255,3074,6.8
256,1202,5.0
256,574,6.0
256,1354,8.8
256,2330,8.8
256,297,4.3
256,2836,9.8
257,1211,5.4
257,1373,3.2
257,998,7.2
257,3075,9.8
257,662,7.4
257,3308,6.0
257,719,9.1
257,2853,8.7
257,1474,5.3
258,709,9.7
258,707,9.1
258,437,9.6
258,2471,3.5
259,2369,6.1
259,1771,7.9
259,1745,9.1
259,2667,6.8
259,2836,5.1
259,555,9.8
259,1879,8.5
260,27,8.6
260,2545,7.1
260,765,9.5
261,3570,4.1
261,1420,6.8
261,1523,6.2
261,3055,8.8
261,520,6.0
261,2778,7.6
262,2724,5.7
262,2116,5.0
262,2369,9.4
262,450,9.6
262,1218,5.9
262,995,8.8
262,2846,9.8
263,892,8.4
263,1165,8.9
263,231,6.0
263,2894,5.5
263,2180,8.1
263,3168,4.7
264,356,6.3
264,969,6.5
264,1225,5.8
264,3261,5.8
264,372,4.4
264,1222,9.8
265,3105,3.3
265,489,8.4
265,2353,9.4
266,2778,8.1
266,3157,8.4
266,1463,9.3
266,1414,3.3
268,3171,9.8
268,531,9.5
268,3018,7.5
268,3274,6.9
268,2296,5.2
268,2763,4.8
268,1672,3.0
269,2849,4.7
269,433,8.0
269,21,6.1
269,3521,6.1
269,2825,3.5
269,1526,6.5
269,3348,9.9
269,2828,6.0
270,2652,5.6
270,1992,3.3
270,291,3.9
270,660,4.5
270,719,4.7
270,3373,7.6
270,667,7.2
270,1835,8.8
272,804,10.0
272,1788,6.3
272,2460,6.8
273,2725,9.0
273,2870,7.4
273,2479,5.6
273,655,3.6
273,2827,5.4
273,686,4.4
273,3549,6.4
273,2006,5.2
273,641,6.5
274,2010,7.9
274,1920,6.3
274,3646,7.4
274,1866,3.1
274,3601,7.3
275,182,8.2
276,800,7.6
276,3568,7.0
276,2426,7.6
276,1295,7.8
277,1912,4.0
277,51,5.6
277,2860,4.6
277,2517,8.5
277,669,5.2
277,1719,4.3
277,649,7.3
277,593,3.7
277,2517,5.3
278,1486,9.7
278,906,4.7
278,1850,9.8
278,636,7.0
278,80,3.8
278,2812,4.1
281,1983,9.2
281,2636,4.4
281,3538,7.1
281,1806,5.0
281,2969,5.3
281,270,8.0
281,3425,9.9
281,924,8.9
281,2868,6.5
282,2448,6.9
282,64,6.0
282,2220,7.2
282,2207,3.1
283,1520,7.3
283,3213,7.5
284,2290,3.1
285,199,6.3
285,247,8.9
285,794,4.3
286,1942,9.3
286,156,7.1
286,1598,8.4
286,172,8.6
286,1416,5.7
286,2425,9.7
286,2868,4.3
287,3579,4.7
288,1094,9.0
288,846,7.7
288,2105,7.0
288,1130,6.0
288,549,9.0
289,1405,8.6
289,3188,8.0
289,123,5.8
289,1466,5.2
289,2681,7.4
290,2339,3.7
290,1197,4.0
290,2254,8.1
291,2169,7.8
291,3001,6.6
291,1728,6.9
291,702,8.2
292,1263,4.6
292,2012,3.9
292,2428,8.6
292,3043,5.9
292,1213,5.3
292,530,5.4
293,3546,5.8
293,3757,4.8
293,75,6.6
293,3234,9.4
293,2298,5.2
293,1818,3.9
293,1803,5.6
293,3568,8.4
293,1866,6.3
294,2926,8.6
294,866,8.6
294,3094,4.6
294,622,7.0
295,3553,9.6
295,910,6.8
295,3612,5.3
295,267,5.5
295,2773,6.6
295,499,4.2
296,1151,3.9
296,2342,8.1
297,3361,5.7
298,3182,7.4
298,338,8.2
298,540,5.3
298,73,3.2
298,3447,6.5
298,2878,4.6
298,677,4.5
298,61,4.5
298,1057,9.2
299,1769,8.6
299,3091,4.2
299,2127,7.4
299,1234,4.7
299,2866,6.9
299,3410,8.1
299,2188,8.2
299,2074,9.3
300,512,4.3
300,1978,7.6
301,3606,6.0
301,3762,4.5
301,722,9.4
301,2832,5.5
301,350,4.7
301,467,4.0
301,2232,6.7
301,1856,4.9
301,200,5.5
302,1794,5.2
302,1457,6.2
302,1861,5.8
302,3088,8.5
302,2347,6.8
302,3747,3.9
302,831,7.4
303,725,7.0
304,1293,7.8
304,3173,5.8
305,2782,8.4
305,3396,3.9
305,1717,5.3
305,766,10.0
305,3228,5.5
306,2532,4.5
306,3622,4.2
306,736,8.7
306,1036,4.2
306,1263,9.6
306,2979,9.6
308,2984,3.3
308,729,3.7
308,1571,6.6
308,1554,3.5
308,655,4.4
308,3001,3.6
308,2995,3.7
308,1835,6.3
308,588,5.9
309,3384,7.0
309,1721,3.2
310,1365,3.8
310,1937,6.2
310,3181,7.5
310,3639,5.7
310,634,9.6
310,2338,9.4
311,975,7.4
311,167,9.0
311,567,6.1
311,123,4.2
311,2737,7.9
311,3220,6.2
311,1715,6.6
311,1621,7.7
311,237,7.0
312,45,9.3
312,2585,4.3
312,1069,4.5
312,1009,4.1
312,1475,4.1
312,2293,4.8
312,3501,5.2
313,2341,7.6
313,2,4.8
313,283,5.0
313,1716,3.5
313,2247,8.8
313,2554,9.4
315,883,5.1
315,3325,4.3
315,1085,4.6
315,701,8.0
315,46,6.0
315,872,3.8
315,2548,8.6
315,1160,4.3
315,2929,7.5
316,1959,4.5
316,748,5.0
316,914,9.5
316,365,9.7
316,2713,9.9
317,3526,4.3
318,1691,7.1
318,3190,9.5
318,2621,3.6
318,1164,3.1
318,436,4.6
318,2016,8.9
319,2114,6.0
319,2589,4.9
319,2607,6.6
319,908,7.9
320,1441,5.7
320,869,6.8
320,771,7.9
320,3672,8.8
320,184,5.1
320,1422,8.0
320,2189,6.8
322,807,8.6
322,2316,7.8
322,1917,9.6
322,1551,6.1
322,3408,5.8
322,1186,9.7
322,2009,3.4
323,2651,9.2
323,2024,7.3
323,2757,8.8
323,786,9.6
323,1610,9.0
323,395,3.8
323,915,9.3
323,1400,8.1
323,1400,7.6
325,599,3.8
325,3419,9.2
325,3740,4.2
325,1007,5.5
325,3521,3.4
325,347,8.3
325,934,8.2
326,1933,4.0
327,2236,3.4
327,2617,8.5
327,1981,3.2
327,889,3.7
328,1630,9.7
328,810,9.4
328,255,6.0
328,3510,4.6
328,656,3.4
328,43,3.5
329,2976,5.3
330,3593,9.0
330,3710,3.7
330,515,5.0
330,891,3.1
331,883,5.5
332,2634,5.9
332,3594,7.7
332,2625,8.6
332,477,5.3
333,3423,5.6
333,517,3.7
333,3357,5.8
335,3654,7.8
336,3081,8.4
336,2127,3.2
336,1902,7.5
336,1554,4.5
336,1636,8.0
336,3542,6.3
336,2956,5.2
337,1984,9.0
337,486,9.9
337,680,9.4
337,383,5.5
337,2454,9.4
337,1194,3.0
337,1874,8.3
337,588,9.6
338,1810,6.1
338,576,7.7
338,3689,5.5
338,2295,4.5
338,3736,5.0
338,3334,3.8
338,775,4.1
338,845,3.0
339,1155,4.9
339,3652,4.8
339,3417,7.7
339,2954,9.7
339,2065,6.9
339,53,5.9
339,1350,9.1
340,843,6.0
340,831,9.3
341,2325,5.0
341,3705,6.5
342,2567,9.0
342,2097,5.9
343,2457,4.4
343,3010,5.2
343,1087,7.5
343,496,9.9
343,188,9.6
343,3720,7.5
343,1311,5.6
343,16,3.0
343,3580,6.5
344,3050,9.6
344,989,7.0
344,3542,5.4
344,3603,8.1
344,3301,7.3
345,1314,6.3
345,1642,8.5
346,473,8.3
346,3258,4.4
346,2087,8.7
346,446,5.2
346,2328,3.1
346,708,5.5
346,2096,6.7
346,2822,6.6
348,289,7.3
348,1410,4.4
348,2347,5.1
348,3064,8.1
349,3031,9.8
349,1501,8.4
349,1555,7.7
350,815,4.3
350,335,8.4
350,1033,4.4
351,1790,4.7
352,2808,8.8
354,3018,5.8
354,1854,6.4
354,1821,9.2
355,1672,9.8
355,2869,7.1
356,2847,5.5
356,2614,6.0
356,3206,6.6
356,2950,3.2
356,7,8.7
356,1933,8.6
358,1526,5.5
358,1668,6.4
358,2529,7.1
358,1111,3.0
359,2606,9.9
359,3585,9.6
359,632,6.3
359,2646,8.6
359,1396,5.8
360,3348,9.5
360,2863,8.2
361,1265,4.0
361,2336,5.1
361,1032,7.7
361,2031,7.2
361,3356,8.4
361,352,6.0
362,1463,3.6
362,1389,4.7
363,2939,8.5
363,146,6.8
363,278,9.9
363,43,6.1
363,287,8.4
363,2754,5.3
363,3606,5.6
363,3579,4.0
364,1775,5.7
364,3478,6.5
364,3477,9.9
364,1277,5.2
364,1952,5.3
364,1974,3.0
364,1531,6.2
364,2775,8.0
365,2287,9.3
367,499,8.5
367,3285,9.0
367,888,4.3
367,3621,10.0
367,2701,6.2
367,570,9.4
368,391,9.6
368,2224,9.3
368,3455,9.2
368,1978,7.4
368,437,9.0
368,2900,6.4
368,3132,8.0
368,581,3.8
368,92,4.2
369,304,9.4
369,1255,8.3
369,3637,3.9
369,417,7.6
369,2764,4.8
369,3418,7.8
369,780,3.2
369,2940,7.2
369,953,5.6
370,3700,7.5
370,1788,9.8
371,2777,7.3
371,2049,5.0
371,1254,6.7
371,1082,5.0
371,1825,5.2
371,2773,3.5
372,2771,3.9
373,718,8.3
373,1933,6.1
373,1159,8.5
373,2325,6.9
373,724,4.8
373,368,8.9
373,1121,4.1
373,1017,6.0
374,1366,5.1
374,2627,9.0
374,599,9.8
374,3143,3.7
374,3243,8.4
374,1019,5.4
374,716,5.9
374,630,5.2
374,1138,5.7
375,3591,7.0
375,2352,7.8
375,860,10.0
376,1855,5.9
376,251,5.3
377,1714,3.4
377,3144,4.8
377,266,5.7
377,696,3.6
377,1078,8.7
377,3003,4.3
377,926,7.1
378,3759,5.5
378,1894,7.0
378,2599,6.4
378,2623,8.2
378,1115,6.4
378,3020,8.1
379,2787,3.5
381,1267,4.5
381,838,7.3
381,3434,5.9
381,1300,4.9
381,1688,8.1
381,3474,6.0
381,690,5.7
381,2618,4.1
383,3393,7.4
383,1104,8.4
383,398,9.2
383,207,8.8
384,1545,4.7
385,1178,4.7
385,2227,6.6
385,2619,5.2
385,960,8.5
386,2224,7.8
386,594,5.9
386,586,9.2
386,2762,7.0
386,1310,5.3
386,2921,3.0
386,3266,7.4
388,447,4.2
388,3137,3.5
389,364,6.5
389,3558,9.9
389,1470,6.1
390,2010,5.1
390,3248,3.5
390,3713,6.7
390,2551,9.8
390,3699,8.8
390,1722,5.2
391,1926,8.7
391,1970,9.5
391,13,4.3
391,1233,4.2
391,3607,9.8
391,1364,7.1
391,3513,4.5
391,923,9.9
391,2413,4.4
392,3458,8.8
392,263,3.8
392,2631,3.9
392,2173,5.4
392,888,7.6
392,2007,4.0
392,723,8.7
393,1670,3.0
393,2809,8.5
393,786,3.2
393,1927,5.3
393,465,5.2
394,813,4.5
394,1600,6.4
394,2586,6.5
396,2689,8.1
396,497,8.4
396,3536,5.7
396,2515,7.0
396,2391,7.5
396,3168,3.8
396,3279,8.4
396,1170,6.9
397,2041,3.9
397,1163,8.3
397,559,9.6
398,3083,5.8
398,3407,9.1
398,299,3.4
398,285,7.9
398,1588,4.2
399,3567,7.0
399,427,4.2
399,2193,4.4
399,519,8.5
399,730,8.7
399,3322,4.6
399,431,5.5
400,3674,4.9
401,2094,9.7
401,2549,5.9
401,2222,3.2
402,732,7.9
402,3494,6.9
402,2794,7.7
402,569,5.1
402,1053,8.3
402,54,4.0
402,3572,6.2
402,3100,6.3
403,2110,3.4
403,2596,8.4
403,791,8.4
404,1581,6.8
404,2421,4.1
404,2098,3.5
404,1980,3.6
404,2701,6.6
404,3188,5.7
404,2013,5.8
404,2625,8.5
404,2528,4.0
406,3508,6.4
406,1805,5.3
406,2290,8.2
406,965,4.0
406,2776,6.4
406,1583,4.7
406,2191,9.3
406,2803,6.6
407,1940,7.0
407,3106,6.2
407,105,10.0
407,3301,6.1
407,3048,8.7
407,2820,3.5
407,1522,6.8
408,1457,6.6
408,2089,4.4
408,2371,5.4
408,2,9.8
409,658,4.8
410,305,4.4
410,3530,5.4
410,230,5.8
410,675,4.9
411,383,7.1
412,95,6.0
412,3668,5.4
412,3362,9.5
413,1015,3.6
413,662,9.9
413,2597,6.6
413,1161,5.9
413,2585,9.1
413,1232,6.5
413,400,9.6
413,3620,7.8
413,563,9.2
414,3056,8.1
414,1608,6.0
414,1685,9.7
414,2371,8.1
414,101,3.3
414,1999,3.8
415,1530,5.7
415,1194,8.3
415,987,7.7
415,2047,4.9
415,3727,7.5
415,1545,5.5
416,3188,4.0
416,1892,8.0
416,2820,5.7
416,2436,8.9
416,9,6.2
416,1612,7.4
417,674,3.5
417,2748,7.6
418,1550,9.2
418,2882,8.5
418,2734,7.4
418,849,8.1
418,1563,3.9
418,2076,6.2
418,3179,8.3
419,2287,7.0
419,883,6.2
419,2268,6.9
419,1600,3.8
420,1441,6.2
420,215,7.0
420,2489,4.4
420,1621,3.2
421,3440,6.1
421,954,5.4
421,1404,4.6
421,1759,3.1
421,470,8.7
421,1298,8.2
421,1266,8.5
421,91,9.2
422,3547,4.4
422,521,8.3
422,2450,6.6
422,2924,8.9
422,209,7.0
422,3047,5.9
422,3571,6.4
422,63,3.0
422,576,3.5
423,2738,5.2
423,3283,4.4
423,669,6.7
423,168,7.2
423,178,4.9
423,1190,9.5
423,1660,6.4
424,693,3.3
424,639,8.8
425,2846,4.4
425,2109,7.3
425,3102,7.3
426,1674,9.7
426,214,3.8
426,2281,9.7
426,684,6.9
428,1559,6.8
428,3303,8.5
428,1940,5.8
428,3186,7.6
428,1949,6.6
428,1341,7.3
428,1301,6.0
429,1308,5.2
429,3301,5.5
429,2626,6.8
429,3695,7.2
429,1903,7.2
429,947,7.4
430,31,4.8
430,230,6.6
430,1985,8.8
430,3537,7.6
430,432,5.7
430,622,5.5
430,768,4.3
431,3702,6.4
431,3256,9.6
431,836,7.1
431,227,9.9
431,789,7.9
432,2251,3.2
432,3739,9.8
432,973,3.4
432,3657,9.2
432,426,6.6
432,3661,5.9
432,336,6.3
433,2225,5.5
433,3160,6.7
433,2366,4.1
433,406,3.3
433,2919,5.6
433,2025,9.0
433,1710,9.5
434,2896,6.4
434,1284,7.3
434,1195,7.4
434,2936,8.2
435,885,3.8
435,213,6.2
435,1702,7.8
435,3192,9.0
435,838,5.8
435,862,6.7
435,1604,5.3
436,2806,9.6
436,438,4.3
436,2946,3.1
437,146,9.5
438,1162,6.9
438,2614,3.7
438,197,4.6
439,1675,8.5
439,3375,6.4
439,2238,8.0
439,1993,6.0
439,2144,9.4
439,1241,5.3
440,3170,4.4
440,1462,3.0
440,2152,7.4
440,3594,4.7
440,1838,7.3
440,1788,3.0
440,2677,8.2
440,3424,6.7
440,1480,4.8
441,1762,5.8
441,1426,4.0
441,3082,7.3
441,325,8.3
441,2983,6.4
441,3049,8.1
441,1591,7.4
442,3520,5.8
442,2825,3.1
442,2899,4.1
442,134,8.9
442,1947,4.3
442,2368,7.8
442,3522,7.2
442,2020,3.2
442,615,3.7
443,967,7.9
443,461,6.2
443,2618,4.8
443,1664,8.1
443,3551,5.1
444,1637,5.1
444,2309,7.5
445,3498,7.7
447,1089,3.5
447,2737,9.3
448,1066,4.6
448,1710,6.6
448,1191,4.5
448,1788,5.3
449,3492,9.8
449,2499,3.6
449,389,9.5
449,814,4.3
449,2941,6.4
449,2042,8.9
449,660,8.3
450,2459,4.7
450,539,6.8
451,1028,6.7
451,3419,7.8
451,1388,4.6
451,1825,7.7
452,70,9.7
452,2920,8.1
452,810,3.4
452,1808,4.6
452,1240,4.5
452,2466,9.6
454,3439,9.1
454,2527,9.0
454,574,7.0
454,3250,4.6
454,359,5.4
454,1615,9.2
454,3647,3.9
454,2868,7.7
454,821,7.4
455,558,8.6
455,2511,7.7
455,2404,5.2
455,1197,4.1
455,1829,7.1
455,3012,9.6
455,3461,5.2
455,1898,9.4
455,2933,7.2
456,576,9.2
456,1402,4.4
456,3158,7.0
457,2537,6.4
457,2589,9.9
457,3024,7.6
457,3573,7.9
458,1327,6.7
458,840,3.5
458,2105,6.4
458,686,4.0
458,1855,5.2
461,3476,8.2
461,2388,3.2
461,1289,5.1
461,385,6.2
461,3058,8.4
461,112,9.0
462,135,3.6
462,2258,9.1
462,3555,9.1
463,3026,3.7
464,1720,5.2
464,3214,9.1
464,2307,3.4
465,87,8.8
465,3067,3.8
465,478,9.8
465,2703,8.4
466,2079,3.4
466,526,7.5
466,1079,5.8
466,3546,8.5
466,95,9.7
466,942,3.3
466,3185,3.4
467,2480,9.7
469,3671,9.8
469,557,4.4
469,2901,5.3
469,2803,4.0
470,440,9.8
470,204,7.7
470,470,8.4
471,619,3.4
471,798,7.2
471,1326,5.9
471,1871,3.6
471,839,5.4
472,2587,6.8
473,2216,8.7
473,1905,6.3
473,1734,3.6
475,3385,3.2
475,3510,5.8
475,3727,7.0
475,1463,7.2
476,951,9.8
476,2765,7.6
476,2891,3.3
476,3643,5.0
476,1814,3.7
476,1368,7.3
476,676,4.7
476,845,4.6
477,549,7.4
477,2667,8.8
477,704,5.9
477,3181,7.2
478,3753,6.3
478,1628,9.8
478,3348,6.7
478,2962,9.6
478,751,3.9
478,3111,5.2
479,3559,5.5
479,3633,7.2
479,1369,9.2
479,1235,3.4
479,3326,3.5
480,1075,4.4
480,2093,5.6
480,1224,6.6
480,1296,7.8
480,1277,4.9
480,1375,4.1
480,2967,9.0
480,1554,5.2
481,535,8.9
481,2753,3.1
482,2690,3.4
482,20,5.8
482,408,8.0
482,3629,8.8
482,3436,3.4
482,1824,3.0
483,3702,3.9
483,1365,7.6
483,3281,3.2
483,156,4.8
483,2339,4.4
483,2762,3.4
484,1918,7.5
484,1268,8.7
484,1890,5.9
485,3271,6.9
485,3152,3.3
485,2817,8.7
485,382,8.1
486,74,7.2
486,3521,3.7
486,1854,3.1
487,198,3.3
487,1044,9.1
487,116,7.9
487,3384,3.9
487,2382,7.1
488,656,5.9
488,1615,9.1
489,638,7.2
489,1143,5.4
489,3113,7.6
489,1751,5.1
489,3424,9.8
489,945,5.4
489,1598,6.3
489,1935,3.4
489,1380,7.6
492,2539,6.2
492,396,6.2
492,3385,3.5
492,187,3.3
492,3433,8.1
493,3650,6.6
493,2323,4.2
493,871,9.6
494,1666,5.7
494,378,6.8
494,847,4.5
494,167,6.3
494,2640,4.7
494,3134,8.6
495,3765,7.8
495,952,3.4
495,1677,3.0
495,2336,3.9
495,1105,5.0
495,1300,6.4
495,815,6.3
496,2143,5.5
496,2279,3.3
496,2966,3.4
496,1294,5.9
496,178,4.9
497,919,8.2
497,2582,4.1
497,3062,7.3
497,1362,7.8
498,2391,5.8
498,873,9.1
498,2369,9.2
499,1571,7.7
499,1778,9.4
500,2721,9.4
500,539,6.0
500,621,4.2
500,2502,9.7
500,560,4.7
500,2562,9.8
500,2668,6.6
500,894,3.8
501,1262,7.1
501,705,6.7
502,712,6.6
502,968,8.7
502,24,9.3
502,3682,6.3
502,1015,7.7
502,1949,4.5
502,3329,7.9
503,3415,5.1
504,3309,3.5
505,2429,8.8
505,1578,9.4
505,1459,7.2
505,3713,5.8
505,3356,4.0
505,2225,4.6
505,1203,6.3
506,3316,8.8
506,3128,5.8
506,1244,8.6
506,1452,9.5
506,1699,6.4
506,272,3.5
506,2141,3.6
507,2631,4.0
507,2164,4.7
508,2949,9.6
508,290,6.1
508,1055,9.9
508,3029,3.6
508,3740,4.0
508,1286,4.8
509,41,6.0
509,1953,8.9
509,1365,7.5
510,3370,3.1
510,2752,3.3
510,3363,4.4
510,1586,7.3
510,1506,4.3
510,2111,8.4
511,3138,9.0
511,1595,9.2
511,3513,5.3
511,2892,6.6
511,3444,5.5
511,2969,3.3
511,1750,4.9
511,3561,6.2
511,3218,4.3
512,1332,10.0
512,2729,5.1
512,464,8.3
512,1485,8.0
512,2173,9.9
512,1821,5.2
513,1878,7.3
513,700,9.3
513,1007,7.8
513,1354,4.7
514,2726,9.6
514,1332,4.0
514,2877,4.0
514,176,9.3
514,3264,3.5
514,542,3.5
515,1737,8.0
516,3252,7.1
516,2110,8.7
516,1320,6.2
516,3598,4.8
516,2799,6.9
516,1313,9.4
516,183,5.2
517,268,4.9
517,231,9.2
518,2211,5.2
520,1034,6.6
520,723,6.4
520,2826,8.6
520,3418,4.4
520,2458,9.6
520,25,3.3
521,3548,5.5
521,2011,5.9
521,3090,5.4
521,1241,7.4
521,805,9.1
521,1792,5.4
522,407,8.1
522,2423,9.6
522,311,8.8
523,3134,9.1
523,2717,9.0
523,2140,5.8
523,3259,6.9
523,3142,4.7
524,645,7.3
524,3083,9.1
524,1199,6.2
524,2698,3.3
524,2408,5.8
525,2997,4.9
525,1604,4.3
525,1391,9.3
525,3104,5.4
525,577,5.0
525,699,3.9
525,2580,6.4
525,2826,5.0
526,2889,8.0
526,1393,8.1
526,1358,9.5
527,1167,3.9
527,2839,3.0
528,1307,5.9
528,3664,6.6
528,3140,3.0
528,3430,6.9
528,1345,3.1
528,2865,8.4
529,2018,9.2
529,898,5.9
529,3342,4.8
529,2211,3.5
529,1713,8.7
529,737,3.5
529,3770,8.3
530,1652,8.0
530,2350,5.3
530,3030,9.5
530,3271,3.4
530,346,9.7
531,1495,3.9
531,2838,5.7
531,1156,9.6
531,3392,9.2
531,2852,4.1
531,3192,3.6
531,1296,3.3
532,1494,6.6
532,1031,7.7
533,1018,6.6
533,1931,9.2
533,2041,3.0
533,157,8.0
535,1592,6.2
535,1577,3.2
535,1821,5.8
535,2714,3.1
535,3281,3.9
535,3510,7.7
535,39,6.7
535,3755,3.3
536,845,5.3
536,3525,9.4
537,523,4.4
537,936,7.9
537,630,7.3
538,3320,3.7
539,2965,9.0
539,2268,6.4
539,1024,6.8
539,3446,3.6
539,2185,3.2
539,1690,4.6
539,3687,3.0
539,2725,7.8
540,2710,3.4
540,759,4.2
540,3413,9.9
540,1403,5.4
540,3406,5.1
541,2042,7.0
541,2175,4.5
541,313,6.0
541,1062,7.4
541,1847,8.8
541,251,8.2
541,2443,7.0
541,2986,9.1
541,466,3.3
542,571,3.9
542,1528,6.2
542,1021,6.7
542,746,3.3
542,969,3.2
543,2199,3.6
543,2189,9.5
544,3020,6.5
544,2367,3.4
544,751,9.7
544,3457,5.6
544,2154,9.9
544,146,8.3
544,3210,4.9
545,1148,9.9
545,2203,4.5
545,3340,6.3
545,704,8.0
545,73,9.5
545,215,7.0
545,2453,7.0
545,2164,8.3
546,2554,7.3
546,1875,9.3
546,481,6.8
546,3679,6.8
546,2343,9.3
546,1612,9.9
547,850,5.9
547,3475,9.5
547,2421,8.9
547,727,7.6
548,2736,4.0
549,2583,6.6
550,2414,8.6
550,495,9.0
550,3598,6.6
550,980,5.5
550,3187,5.9
551,1402,6.4
551,2171,3.5
551,3268,5.3
551,865,8.0
551,424,7.8
551,1352,4.5
551,2365,5.9
551,3556,4.9
552,197,7.2
552,429,3.7
552,2878,3.7
552,2301,6.1
552,920,8.0
552,1436,4.5
553,1229,7.8
553,1403,9.2
553,400,3.2
554,1667,8.3
554,724,4.1
554,3032,6.3
554,2234,3.2
555,499,4.3
555,49,3.0
555,3091,8.2
556,1729,6.3
556,3223,5.0
556,3137,3.8
556,3438,7.8
556,2096,4.6
556,1084,3.1
556,1667,3.6
556,1183,5.9
557,1392,3.3
557,3328,6.7
557,1932,3.9
557,925,9.1
557,2077,3.8
557,2006,8.8
557,2270,3.1
557,2765,5.3
557,1501,7.3
558,3692,7.6
558,1248,3.1
558,1494,4.7
558,2134,3.6
558,1759,9.6
558,1715,8.5
559,245,9.6
559,1563,9.7
560,386,4.4
560,2443,3.8
560,6,4.8
560,2884,9.0
560,3003,8.2
561,1727,3.9
561,928,5.9
562,1070,7.4
562,853,9.5
562,3670,5.7
562,2601,7.0
562,2159,3.8
562,3197,7.6
562,1203,5.4
562,2663,4.7
562,840,7.0
564,3261,5.8
564,1080,9.1
564,241,4.3
565,431,6.7
565,2235,9.6
565,2967,8.8
565,3531,4.4
566,2123,4.8
566,3524,8.6
566,1681,4.7
566,648,9.9
567,389,3.7
567,2259,7.6
567,1195,9.1
567,361,6.7
567,933,4.8
567,3751,3.2
569,776,4.9
569,3525,4.9
569,2982,4.5
569,2925,8.0
570,2233,9.1
570,1773,6.2
570,213,3.8
570,1088,3.5
570,1174,6.7
570,220,8.4
570,2952,9.2
570,1203,3.2
570,1813,4.2
571,3176,5.5
571,1522,3.6
571,1578,6.9
571,2423,9.9
572,1012,8.7
572,2215,5.4
572,1480,7.0
572,3080,6.3
572,3092,6.3
574,2219,6.0
574,831,5.6
574,531,3.1
574,3365,3.7
575,2802,7.2
575,1842,7.7
575,690,6.5
575,2714,3.6
575,1110,8.5
575,3282,5.8
575,1639,7.9
576,3057,3.4
576,910,3.3
576,2045,5.7
576,1631,7.8
576,373,9.5
576,3,6.2
576,1757,9.7
576,2621,5.4
576,3084,6.0
577,1738,6.7
577,523,5.6
577,3587,5.0
578,1190,6.8
578,2630,7.8
578,2113,8.2
578,1977,7.0
579,811,4.0
579,1998,3.1
579,266,3.2
579,325,4.0
579,265,3.2
579,2592,7.7
579,3222,6.3
579,3743,3.2
579,3749,6.2
580,2803,4.9
580,1242,5.0
580,3135,6.9
580,279,7.2
580,890,5.9
580,137,6.3
580,2174,7.8
580,2894,6.4
582,3507,6.2
582,2225,9.5
582,1761,7.1
583,2302,4.4
583,3350,5.9
583,3218,5.1
583,2446,5.7
583,2322,8.1
584,605,7.3
584,1619,8.4
584,2393,6.5
584,13,10.0
585,3166,7.6
585,2398,9.5
586,2838,4.7
586,1705,6.8
586,1907,9.9
586,1732,3.0
586,1422,7.5
587,2418,7.5
587,3542,5.2
587,2250,4.9
587,367,6.1
587,360,9.1
587,3363,9.2
587,2837,3.5
587,130,8.7
587,2210,8.4
588,34,5.4
588,3496,9.8
588,980,8.4
588,750,8.3
588,1530,6.0
589,2819,6.1
589,2283,3.6
590,1674,4.1
590,1993,8.3
590,68,5.3
590,2731,9.2
591,1168,6.6
591,2451,8.2
591,3751,5.8
591,1725,9.9
591,3618,9.6
591,1520,9.1
591,3414,7.1
591,1207,7.8
591,1444,3.9
592,3062,6.4
592,1739,9.8
592,2109,5.5
592,1225,9.6
592,2508,4.4
592,1271,8.6
593,2480,3.0
594,508,3.7
595,1603,6.2
597,43,6.6
597,216,5.0
597,1633,6.5
598,1653,8.6
598,855,8.6
599,2487,4.9
599,1845,6.3
599,2513,8.6
599,185,6.6
600,2655,4.9
600,1478,9.4
600,2658,6.2
600,821,8.3
600,1934,9.7
600,768,4.5
600,1321,8.4
600,707,4.7
601,3050,8.3
601,2021,9.8
601,3212,3.3
601,2845,9.1
601,319,7.8
601,3646,8.6
601,1334,5.3
602,2976,4.2
602,1938,7.4
602,2277,8.4
602,206,8.1
602,3287,9.9
602,2760,6.5
602,2836,5.9
602,2726,7.1
603,3000,8.9
603,123,4.3
603,620,6.1
603,1057,9.4
603,318,7.5
604,2403,7.1
605,2570,9.1
605,2193,6.7
605,3429,9.5
605,1332,3.5
605,3550,7.2
605,3012,4.7
605,2673,4.8
605,1169,9.9
606,204,4.7
607,1503,8.2
607,325,3.1
607,884,7.9
607,2777,3.9
607,2879,5.9
607,604,8.1
607,1126,4.1
607,2430,4.0
608,1356,8.6
608,308,7.9
608,960,3.6
608,412,9.8
608,2219,8.9
608,892,8.7
608,3308,6.4
609,682,7.1
609,3033,6.7
609,1235,4.7
609,2995,4.2
609,1203,9.1
609,3316,5.3
609,3315,3.0
609,2688,8.8
610,3433,8.3
611,1635,3.5
611,2123,7.3
611,2927,7.2
611,1060,9.6
611,2443,6.3
611,956,3.7
611,547,6.9
611,3757,6.6
611,1290,9.2
613,3711,6.4
613,1964,3.7
613,3255,8.9
613,2429,8.0
613,2160,8.3
614,3023,9.6
614,74,4.6
614,1562,4.2
614,2335,8.1
615,709,3.0
616,1482,9.9
616,3303,9.2
616,3438,6.9
616,804,8.9
616,2382,9.9
617,1093,3.6
617,18,4.8
617,1859,9.0
617,3200,4.2
618,1440,6.6
618,194,5.2
618,994,5.1
619,3467,4.9
619,3333,6.1
619,1467,4.2
619,3143,4.9
619,744,4.2
619,2433,3.8
619,2266,3.9
620,1023,6.7
620,1059,8.1
620,2735,4.3
620,1672,4.9
620,3104,5.4
621,833,8.3
621,761,4.1
621,727,10.0
621,1276,6.4
622,2899,6.4
622,3000,6.2
622,76,5.2
624,426,7.9
624,3655,4.8
624,287,7.3
624,1889,9.3
624,3606,5.7
624,48,7.2
624,3581,7.7
625,1570,8.6
625,3284,6.6
625,2014,8.8
625,2365,8.0
625,1163,5.0
625,1038,7.9
625,1277,9.9
625,383,4.4
625,1452,3.5
626,2356,9.6
626,532,3.5
627,749,7.2
627,2412,7.0
627,2606,6.2
627,241,5.6
628,756,3.3
628,1243,6.8
628,32,9.4
628,279,4.0
628,3368,9.7
628,1208,9.0
628,2385,4.8
628,400,6.4
629,1667,5.2
629,3001,6.5
629,3437,8.5
629,3215,7.4
629,2075,3.8
629,2825,4.4
629,8,6.9
629,3610,5.7
629,1641,5.5
631,86,10.0
631,2918,3.1
631,393,3.4
632,3485,7.7
632,2269,8.6
632,717,6.7
632,3713,10.0
633,2883,6.3
633,1446,9.5
633,3711,3.8
633,880,6.5
633,1847,7.3
633,2281,9.8
634,2433,3.4
634,3046,8.4
634,3433,7.6
634,1840,8.9
634,2379,3.7
635,3667,9.0
635,677,7.0
635,233,3.1
635,2243,6.1
635,1974,6.0
635,1798,6.7
635,3427,7.1
636,2683,6.5
636,453,7.5
636,1440,4.0
636,1736,5.3
636,2877,5.5
636,1966,8.9
636,2261,9.5
638,1563,7.7
638,3,4.6
638,3444,9.1
638,1392,4.2
638,1851,5.2
638,1132,9.8
638,3086,4.2
638,3419,6.7
638,3049,4.6
639,2240,8.3
639,3567,9.4
639,235,9.0
639,1966,8.0
640,3670,8.3
640,1800,9.5
640,2316,7.4
640,525,8.7
640,3731,9.2
641,2687,10.0
641,1979,3.5
641,2377,9.8
641,1648,8.3
641,2802,3.2
641,2412,5.0
641,3764,5.2
641,1020,3.3
641,1142,9.7
642,3368,4.7
642,1459,3.9
642,725,8.8
642,1539,8.6
642,3443,7.6
642,3456,5.3
642,1881,6.3
642,2219,4.6
643,41,9.6
643,1584,6.9
643,3324,3.4
643,757,4.7
644,3341,7.1
644,2629,8.1
644,2269,7.0
644,1056,3.1
644,2425,9.5
645,841,6.9
645,2235,8.2
645,1431,6.3
645,2607,8.4
645,2883,8.6
645,690,7.8
645,1748,8.7
647,2289,4.7
647,3754,5.6
647,3007,3.8
647,2017,3.1
647,3374,4.0
647,1960,9.0
647,2765,3.5
647,202,3.1
647,177,4.0
648,2748,7.0
648,2625,6.6
648,936,4.6
648,1113,3.1
648,1729,8.7
648,1093,7.0
648,1759,4.6
648,3344,7.4
649,3100,8.8
649,1196,8.4
650,1985,7.0
650,718,9.3
650,3578,9.3
650,3100,4.8
650,3307,7.6
651,586,6.6
651,196,3.8
651,1317,5.6
651,1533,3.1
651,1829,7.1
651,696,5.8
652,1578,3.0
652,468,4.3
652,3244,8.6
652,413,9.4
653,3654,4.6
653,2642,5.7
655,2358,5.7
655,975,9.1
655,2318,6.7
655,2309,7.6
655,322,8.6
655,2158,7.8
655,1935,9.9
655,1745,7.0
656,583,8.9
656,271,8.4
656,488,7.5
656,2779,9.9
656,832,4.8
656,1033,6.9
656,2323,4.0
656,3400,9.4
657,2486,9.9
657,3269,6.9
657,895,5.7
657,3687,5.2
657,572,3.4
657,3261,5.8
657,263,6.5
657,1116,8.6
658,1863,7.7
658,1676,4.2
658,2903,3.8
658,1320,8.2
658,2112,7.2
658,236,7.5
658,2213,9.5
658,331,3.6
658,3353,9.9
659,1945,5.8
659,100,3.3
659,445,3.6
660,2981,7.9
660,752,9.2
660,831,5.4
660,1645,3.2
660,1316,9.1
660,3512,3.6
660,2436,8.9
660,426,3.5
660,2122,7.7
661,739,6.3
661,3045,3.8
661,2475,4.5
662,85,4.7
662,3613,5.1
662,762,5.1
663,3510,4.9
663,618,4.6
663,3741,7.5
663,1760,6.3
663,3300,8.9
663,3271,6.8
663,2703,5.1
665,813,8.6
665,200,6.7
665,446,5.9
665,3384,8.6
665,411,4.7
666,2321,9.5
666,384,5.4
667,160,3.4
668,2338,3.8
668,809,9.6
668,3382,6.4
670,1111,6.8
670,3010,3.2
670,3253,6.0
670,821,6.0
670,1227,3.7
670,2510,9.6
671,1184,6.0
671,319,3.8
671,3507,7.2
672,2372,9.3
672,2459,6.5
672,1566,6.1
673,1979,9.3
673,3508,8.5
673,3061,9.0
673,999,5.8
675,1160,3.5
675,2296,3.6
675,3265,4.8
675,1675,9.8
675,431,8.3
675,3122,4.2
675,352,8.7
675,2403,3.6
676,541,6.6
676,1773,4.3
676,2047,9.2
676,2286,9.8
676,2223,4.6
676,982,9.3
676,2063,8.2
676,2696,7.3
676,3716,5.1
677,570,9.7
677,1713,4.8
677,944,4.3
677,3622,7.2
677,2706,6.7
677,684,8.5
677,1043,4.3
679,1204,8.6
679,69,3.3
679,2863,9.5
679,2311,4.3
679,1024,4.3
679,2144,9.0
679,1586,9.2
680,2040,5.1
680,277,7.7
681,3264,8.9
681,843,7.7
681,43,3.2
681,912,6.4
681,2775,7.5
682,1171,9.2
682,771,5.5
682,3051,8.4
682,2739,5.8
682,2810,4.3
682,3245,4.9
683,2750,8.0
685,1568,7.8
685,2440,8.4
685,2220,3.1
685,365,7.5
685,2407,8.1
685,1406,7.6
685,2034,7.6
685,814,5.7
687,1667,5.9
687,2753,6.4
687,792,7.5
689,2053,5.4
689,2361,3.5
689,3423,3.2
689,1782,6.2
689,3460,6.9
689,1426,4.0
689,3383,4.2
689,1602,8.3
689,2314,9.7
690,1800,3.1
690,3229,5.2
690,666,7.6
690,251,4.5
690,3599,9.2
690,1174,3.4
690,2418,6.8
690,947,5.0
690,3278,4.4
691,1180,10.0
691,2624,5.1
693,3301,7.8
693,2013,5.9
693,3048,9.7
694,1467,7.2
694,3532,5.5
694,3757,7.4
694,1243,5.2
694,1331,7.6
695,497,5.7
695,2475,7.7
696,1682,4.8
696,1947,4.2
696,472,5.6
696,2983,9.0
696,2056,3.3
696,812,8.0
696,1574,7.6
696,1992,6.9
696,986,7.6
697,2584,4.6
697,2760,6.7
697,2218,8.1
697,1680,4.0
697,2525,6.4
697,1610,4.8
697,733,7.7
697,330,9.8
699,1537,3.0
699,3470,5.8
699,1077,5.0
699,1065,4.6
699,2718,5.6
699,2842,9.7
699,1169,3.5
699,1100,4.7
699,3068,6.6
700,222,5.3
700,3332,3.5
700,358,6.0
700,3108,6.8
700,758,5.4
701,825,8.0
702,1306,7.3
702,2525,9.0
702,817,5.4
702,544,7.9
702,592,8.5
702,45,6.7
702,1084,4.8
702,2387,7.3
702,2367,6.9
703,351,5.0
703,1796,5.4
704,995,8.5
704,2454,5.1
704,1563,5.6
704,2035,4.6
704,2900,3.2
704,1495,3.9
704,1339,4.9
704,1589,9.0
705,3461,5.4
706,1057,8.8
706,1093,3.1
706,3317,4.4
706,138,4.2
706,3102,4.0
707,1520,4.1
707,2570,7.8
707,412,4.7
707,2237,8.1
707,326,6.8
707,1735,4.5
707,2292,6.3
708,1174,8.0
708,788,3.2
708,1230,7.0
708,1811,6.4
708,3073,7.9
708,1107,4.4
709,1151,9.3
709,1484,4.6
709,292,3.5
709,1271,3.2
709,2446,8.6
709,2897,9.1
711,3588,3.1
711,2498,3.2
711,2463,8.4
711,612,7.7
711,2221,4.4
711,3188,3.4
711,3169,9.8
712,2408,6.3
712,1999,9.0
713,3752,5.9
713,1404,4.8
713,939,8.6
713,1175,6.9
713,2073,5.0
713,3623,7.3
713,1526,3.4
713,795,4.5
713,1742,3.5
714,3330,5.4
714,3148,6.3
715,2620,3.3
715,1157,6.2
716,1008,3.8
716,2015,4.9
716,1559,5.0
716,1993,4.6
716,3230,8.8
716,2163,8.0
716,3290,9.0
717,1641,3.4
717,1134,7.2
717,380,7.5
719,86,7.3
719,2510,9.7
719,690,8.1
720,242,5.1
720,1321,8.2
720,1350,8.7
720,203,5.3
721,3316,9.8
721,1642,7.6
721,1536,3.5
721,1770,6.4
721,2449,8.7
721,520,5.6
722,1446,3.5
722,2377,6.7
723,648,3.2
723,1035,6.0
724,36,4.4
724,2190,3.5
724,3238,9.5
725,2888,5.4
726,1273,9.5
726,2425,6.9
726,2008,7.2
726,2423,5.7
726,3311,5.2
726,313,9.8
727,3380,3.3
727,2498,9.4
727,1451,8.6
727,195,7.5
727,205,3.4
727,3411,8.9
727,142,5.2
727,433,9.1
728,3264,4.8
728,3626,5.1
728,995,9.1
729,1077,3.2
729,3214,9.3
729,2673,6.0
729,1334,5.2
730,2253,4.0
730,561,5.9
730,2722,7.6
730,1692,4.3
730,905,8.8
730,1443,9.5
731,527,8.4
731,2501,4.8
731,2223,6.7
731,3057,4.1
731,2899,5.0
731,2045,3.2
732,848,6.4
732,2952,5.7
732,569,8.0
732,2485,6.7
732,899,5.5
732,2469,5.6
733,2396,7.2
733,175,5.0
733,1725,8.6
733,1877,8.7
733,1301,8.2
733,283,5.8
733,3520,8.5
735,1382,9.0
735,1298,5.5
735,956,8.2
735,2221,5.7
735,1821,3.4
735,1450,4.8
735,1015,8.8
736,3753,8.6
736,3486,3.4
736,609,7.1
736,1015,9.4
737,3447,8.1
737,1726,8.2
737,2456,7.8
737,3455,7.4
738,3093,8.4
738,3419,4.0
739,88,3.1
739,2179,4.9
739,850,8.2
739,3281,7.5
739,1798,5.2
739,2766,6.2
739,781,4.7
739,2465,9.3
739,349,6.3
740,1573,8.1
740,2885,3.7
740,3243,6.3
740,404,7.9
740,2155,9.0
740,2463,3.6
741,1602,5.9
741,1,5.4
741,2822,6.5
741,261,9.1
741,95,5.0
741,1162,3.4
741,1023,3.6
741,1845,5.4
742,3222,5.9
742,2956,8.8
742,2841,5.1
744,944,9.6
744,3728,4.4
744,1140,3.8
745,2151,3.2
745,2816,6.8
745,3304,6.0
746,70,3.6
746,2662,4.2
746,1945,9.7
746,3360,4.7
747,505,3.9
748,751,9.8
748,3514,9.0
748,2915,9.6
748,1517,7.4
748,1458,4.4
748,2925,3.2
749,3216,5.9
749,2761,4.7
749,3648,5.3
749,2086,9.5
749,2068,4.8
750,3731,8.3
750,2659,6.7
750,1692,8.0
750,364,3.8
750,3186,9.6
751,3109,3.0
751,1416,7.5
751,3331,5.5
751,3340,6.2
751,1048,9.9
751,318,7.3
751,791,6.8
751,3135,3.3
752,2461,5.7
752,1679,5.0
752,2355,8.7
752,19,7.9
752,3717,8.4
753,1792,9.0
753,3261,8.9
753,2397,8.5
753,3176,8.7
753,3321,6.2
753,820,7.2
753,1945,9.9
754,54,5.6
755,404,3.6
755,1455,8.2
755,1957,3.8
755,470,6.3
755,2822,8.0
756,2892,3.9
756,3501,5.2
756,78,8.3
756,2449,4.4
756,639,3.2
756,351,6.7
757,3469,5.2
757,1272,4.7
757,3125,4.2
757,3136,4.4
757,3413,3.5
757,2773,7.9
757,1618,9.2
757,1339,7.1
758,833,4.3
758,3274,7.9
758,3459,3.7
758,279,8.1
758,595,8.3
758,1078,3.4
758,1830,9.5
758,3559,6.6
758,1630,5.3
759,842,6.0
759,1202,5.8
759,1641,9.6
759,1100,6.4
759,3315,3.1
760,1761,9.8
760,835,6.5
760,2398,7.6
761,3638,3.9
761,1577,8.7
762,2421,7.4
762,1209,6.4
763,71,8.1
764,812,5.3
764,299,4.7
765,277,5.0
765,916,7.4
765,1129,8.8
765,3327,3.4
765,3571,6.9
765,1186,10.0
765,28,9.3
766,366,6.5
766,1446,6.8
766,793,3.5
766,1605,8.7
766,1848,3.2
766,3041,3.2
766,57,7.0
766,1259,9.6
766,2794,9.6
767,756,8.1
767,3415,7.1
767,1320,6.2
767,1988,9.9
767,3434,3.5
767,3028,8.6
767,3549,5.5
767,1352,9.3
767,3347,5.3
768,449,4.2
768,1000,5.0
768,1377,8.6
768,3215,7.9
768,1117,6.8
769,3736,5.7
769,59,3.5
769,224,7.8
769,1027,9.6
769,1306,3.3
769,1743,7.0
769,557,3.1
769,1630,5.2
769,3584,4.2
770,2678,7.2
771,2984,6.1
771,926,3.9
771,143,3.0
771,141,4.2
771,1149,3.7
771,1518,8.2
771,1679,5.5
771,2174,4.7
771,1437,4.6
772,2898,9.6
772,1667,4.9
772,3683,3.9
772,525,8.7
772,3022,6.7
772,1970,9.0
773,1253,7.7
773,2459,3.4
773,156,6.7
773,2552,9.0
773,1993,5.1
773,2636,9.3
773,3406,3.6
773,1660,4.2
774,440,9.8
774,3661,3.9
774,173,7.3
774,2050,8.6
774,901,9.8
774,1611,5.5
774,1722,5.1
774,1576,3.2
775,704,9.4
775,2035,7.5
775,1438,6.0
775,657,6.1
775,3620,9.7
775,772,8.9
775,2463,4.0
775,2918,5.8
775,2575,5.1
776,2781,3.7
776,3364,7.2
776,634,4.6
776,2334,9.9
776,2809,8.1
776,3436,3.3
776,3547,5.2
776,3307,10.0
776,2593,3.1
777,2724,7.0
777,556,7.4
777,2690,6.3
778,3734,7.8
778,3257,6.9
778,1967,6.1
778,856,8.4
779,3464,9.7
779,1888,4.6
779,2817,8.4
781,3665,4.8
781,2329,4.1
781,2702,8.2
781,2579,4.0
782,1473,9.3
782,129,7.5
782,2997,9.7
782,319,7.4
782,339,6.7
782,1305,4.7
782,1504,6.8
783,2698,9.3
783,1303,3.1
784,935,7.8
784,467,9.2
784,572,9.7
784,1357,9.8
784,2849,8.7
784,1092,9.8
784,1383,6.5
784,949,9.9
784,1160,6.2
785,1285,5.8
785,2405,10.0
785,3744,3.1
785,3524,7.8
785,1936,7.3
785,853,8.6
786,203,5.4
786,2706,6.7
786,456,7.6
786,2766,7.8
786,3127,7.9
786,157,6.2
787,391,5.4
787,3352,7.8
787,1932,3.8
787,262,8.7
787,1491,7.9
787,1077,9.6
787,2726,7.7
787,243,8.6
787,1143,9.3
789,1674,7.4
789,1699,7.9
789,1305,5.2
789,130,3.3
789,3530,6.8
789,3527,8.3
789,727,4.1
789,3134,5.2
789,3209,4.3
790,599,4.8
790,202,5.6
790,1190,5.4
791,3734,4.1
792,1712,6.2
792,1422,8.9
792,154,9.2
792,1827,9.5
792,474,5.3
792,1019,5.4
792,501,6.5
792,1994,4.9
793,2533,8.9
793,2615,5.0
793,2544,5.0
793,3033,4.7
793,379,6.8
793,3574,8.4
793,1724,9.3
793,45,9.0
794,1892,3.6
794,376,7.5
794,1186,4.2
794,1432,9.1
798,3265,9.1
798,1509,5.9
798,1751,5.8
798,2647,6.2
798,2804,9.1
798,442,5.1
798,2292,7.5
799,672,6.7
799,2406,7.3
799,3047,8.8
799,1777,4.3
799,2090,7.8
799,1184,3.6
799,3757,6.3
799,2984,5.8
799,3324,4.7
800,3408,4.2
800,904,4.9
800,1278,8.6
800,654,4.4
800,1341,8.1
800,2353,4.6
800,348,3.7
800,1321,4.3
800,2876,3.7
802,1188,9.8
802,236,4.9
802,1353,9.8
802,500,5.6
802,554,5.5
802,656,9.9
802,471,9.4
802,1723,5.1
802,2868,8.9
803,3120,4.2
803,1809,6.6
803,1931,8.5
803,109,5.5
803,1177,6.8
804,1059,3.7
804,113,8.0
804,3582,5.2
804,75,8.8
805,505,5.7
805,1734,3.6
805,3674,4.7
805,2964,9.6
805,1345,6.2
805,308,9.7
805,3731,6.1
806,235,4.6
806,2633,3.6
806,1152,6.3
806,3721,7.3
806,1599,4.3
807,2761,5.7
807,2112,9.6
807,1076,9.2
808,1396,4.6
808,2042,3.3
808,1820,5.6
808,3727,4.1
808,1900,7.4
809,1153,4.4
809,2094,8.6
809,1559,7.6
809,2569,9.9
809,2439,3.8
809,3026,9.3
810,1485,5.9
810,2465,5.1
810,2499,5.9
811,3215,5.7
811,267,9.7
811,300,9.5
811,1758,4.6
811,2178,9.9
811,2230,5.2
812,2775,7.5
812,2814,8.5
812,2860,5.7
812,1767,7.6
812,3628,8.9
812,1337,3.4
812,1625,8.3
812,1333,9.7
813,699,8.2
813,3510,7.2
813,186,9.3
813,2128,7.7
813,897,6.0
813,3698,6.2
813,2937,6.4
813,2051,5.0
814,3683,5.0
814,2774,8.5
814,3725,4.8
814,3547,8.5
814,1763,8.6
814,3401,3.8
814,2009,5.7
815,2542,6.2
815,1852,9.3
815,200,8.0
815,2648,7.3
815,3530,6.3
815,3344,5.9
815,1638,6.4
815,806,8.4
815,254,7.1
816,1518,5.8
816,284,3.0
816,3206,9.8
817,3030,9.9
817,3518,4.6
817,1755,3.8
817,569,8.4
817,3109,5.7
818,2313,5.3
818,1246,7.6
818,1953,3.4
818,423,5.4
819,400,8.3
819,1623,5.8
820,2267,6.5
821,3608,8.8
821,1712,8.7
821,3504,6.2
821,2959,4.3
821,1653,3.2
821,626,8.5
821,2336,7.7
822,851,9.9
822,3003,3.7
824,3438,5.5
825,648,7.8
825,1392,4.6
825,915,4.8
825,3196,5.3
825,1435,3.1
825,1794,3.5
825,3248,8.7
826,3751,3.3
826,247,6.4
827,3097,9.3
827,919,5.1
827,778,8.8
827,2294,6.9
827,64,8.6
828,2688,5.2
828,1834,5.2
828,934,5.3
828,2903,4.5
828,1211,4.4
828,2855,3.6
828,1436,4.7
828,937,5.8
829,2796,6.2
830,243,5.9
830,1075,5.6
830,1433,6.6
830,526,7.9
830,2390,3.4
830,936,6.4
830,1728,3.7
831,3239,3.2
831,2978,5.7
831,3712,9.7
831,3081,6.7
831,3659,9.3
832,700,9.0
832,2883,5.2
833,220,9.7
833,2034,5.6
833,2564,3.8
834,67,6.8
834,1044,8.8
834,3706,5.4
834,498,6.9
835,2897,4.1
835,1756,4.1
836,544,9.2
837,2881,6.1
837,562,9.9
838,3449,9.9
838,1009,8.1
838,2523,9.8
838,920,3.0
838,641,3.6
838,813,7.0
838,1726,6.2
838,50,5.3
838,157,7.7
839,3044,3.3
839,1790,4.0
839,1591,4.4
839,805,5.4
840,1366,8.5
840,2236,6.8
840,3185,6.2
840,3397,3.7
841,3297,8.8
841,803,6.3
841,640,9.9
841,22,4.8
842,3451,3.1
842,2462,9.5
842,2173,4.2
842,2204,4.1
843,1342,4.2
843,2278,4.8
843,983,9.7
843,3750,6.2
843,3611,4.0
843,1514,4.6
843,332,8.7
843,2773,8.0
844,375,7.9
844,3161,8.2
844,2941,9.3
844,515,9.5
845,2618,7.0
845,3123,4.3
846,2216,7.4
846,395,9.8
847,2379,7.1
847,1459,5.3
847,2098,3.0
847,1202,5.3
847,1981,9.4
847,1339,3.9
848,1409,6.7
848,1849,5.7
848,379,10.0
848,2622,7.9
848,2284,5.5
848,3124,3.4
848,461,9.0
849,2647,9.1
849,2140,6.4
849,2335,7.4
849,2218,4.1
849,3541,6.6
849,1859,6.4
849,27,8.2
849,1826,6.1
849,406,8.6
850,1282,4.2
850,1507,3.7
850,2161,6.9
850,2701,9.6
850,2107,3.1
850,1807,9.3
850,2125,3.5
850,433,8.7
851,2594,9.4
851,100,8.2
852,1259,8.1
852,565,6.2
853,2187,4.2
853,1586,7.7
853,1729,6.3
854,3595,8.8
854,116,7.9
854,2173,6.1
854,2876,4.7
854,2367,6.1
854,2550,3.9
854,1230,9.6
854,1553,4.3
854,2048,5.2
856,3289,8.3
856,2344,8.4
856,838,3.4
856,1277,5.8
856,680,9.5
856,2439,7.5
857,1297,9.0
857,2014,4.8
858,3178,8.7
858,2121,7.1
858,3018,3.1
859,2091,5.4
859,3404,4.8
859,469,9.1
859,3534,7.1
859,2033,4.5
859,3083,6.8
859,2097,3.5
860,631,6.7
860,1897,5.2
861,2348,3.6
861,3091,6.6
861,1665,8.9
861,897,6.9
861,3068,9.0
861,904,3.2
861,2957,6.0
861,3727,8.1
862,937,4.4
863,2044,9.0
863,1201,4.4
863,899,4.8
863,1100,9.3
863,2619,6.3
863,2898,7.3
863,1007,9.5
863,3145,7.4
864,1185,9.8
864,2628,6.2
864,3355,4.5
864,1035,9.1
865,1081,4.5
865,586,6.2
866,2088,3.3
866,1690,5.8
866,1496,9.1
866,1867,7.5
866,3204,3.6
866,1739,3.6
866,667,5.9
866,1608,6.3
866,2563,4.5
867,14,6.6
867,1102,4.1
867,227,5.6
867,2599,6.7
867,3186,6.5
867,1730,4.4
868,1749,3.1
868,1364,9.3
869,1743,3.3
869,2156,3.3
869,2915,9.6
869,1896,5.3
869,2092,9.9
869,2255,6.3
869,3034,7.5
869,1948,6.9
871,2039,9.5
871,2215,4.3
871,2364,9.0
872,3266,3.2
872,11,9.0
872,490,6.5
872,40,3.7
872,2617,8.0
872,201,6.4
872,2151,6.7
872,1890,6.0
873,1504,9.1
873,2203,8.0
873,3329,7.1
873,1233,9.6
873,3188,8.0
873,2453,3.8
873,1320,9.9
873,3163,7.7
873,570,7.3
874,3090,6.1
875,1694,8.0
875,428,4.2
875,2258,6.1
876,1332,9.8
876,357,3.1
877,1488,9.9
877,2358,8.2
877,3721,4.4
877,620,4.3
877,3640,5.2
877,2497,9.7
877,1930,4.8
878,1939,5.0
878,245,4.4
878,3705,8.6
878,3418,6.2
878,2185,4.9
878,714,8.3
879,2518,8.5
879,393,8.6
879,2212,9.6
879,1648,7.8
879,2687,4.9
879,3000,6.4
879,1277,3.3
879,3009,3.9
879,2480,3.0
880,191,5.1
880,3609,8.9
880,178,4.7
881,2026,4.5
881,1897,7.0
881,235,5.9
881,1321,6.1
881,3570,7.5
882,1405,3.9
882,1983,3.4
882,2338,9.5
882,3061,9.1
882,3078,6.8
882,519,6.4
882,3742,3.5
882,2684,7.7
883,2126,7.6
884,671,9.7
884,3008,3.8
884,3659,9.5
884,3105,3.4
884,2574,7.0
884,3480,7.3
884,224,8.7
884,3193,6.0
884,2978,7.5
885,1353,7.3
885,3108,9.1
885,3175,8.4
885,3048,7.6
885,1330,6.6
885,1173,3.5
885,2369,7.8
885,2904,6.2
885,2911,8.2
886,2752,7.5
886,1526,7.9
886,1644,4.3
886,1638,9.5
886,1666,9.5
886,2358,5.4
886,3070,7.8
886,55,4.3
887,291,9.1
887,3620,7.1
887,291,9.0
887,996,6.8
888,2283,4.8
889,1229,8.7
889,1020,4.2
889,1566,6.8
890,1295,7.8
890,3670,5.2
890,3534,9.0
890,3122,8.0
890,945,9.6
890,702,6.6
891,3399,4.7
891,540,8.2
891,683,9.0
891,3667,7.8
891,2936,9.4
892,622,7.1
892,3237,5.7
892,3297,3.9
892,2737,9.4
892,2036,6.5
893,660,5.1
893,2099,6.8
893,1240,7.9
893,977,5.9
893,2741,3.6
894,3174,3.1
894,446,8.2
895,1276,9.1
895,833,3.6
896,1831,5.4
896,3291,5.0
896,1100,3.5
896,1067,6.6
896,1875,9.4
896,366,5.9
896,163,6.5
896,1057,4.2
896,1532,8.4
897,2489,5.7
897,390,9.8
897,3346,8.2
897,1825,7.4
897,1783,3.5
897,417,9.7
898,1979,5.4
899,2727,9.1
899,2700,9.7
899,831,7.8
899,1843,7.8
899,3513,9.7
899,2966,8.6
899,143,5.5
901,3019,3.3
902,1529,5.1
902,2991,4.8
902,3611,3.3
902,2842,7.0
902,3435,9.7
902,2091,8.2
902,3057,7.4
902,1672,8.1
902,1346,5.2
903,1024,8.6
903,3529,8.3
905,3621,9.9
905,2064,4.4
905,488,7.9
905,2374,4.1
905,1398,8.7
905,2618,3.0
905,1921,3.9
906,965,4.5
906,3411,9.2
906,601,3.9
906,1572,9.7
906,621,4.8
906,3662,9.7
906,304,9.0
906,96,9.0
907,1966,5.9
907,3667,3.1
907,1469,5.3
907,1461,7.8
907,460,7.4
907,1514,8.7
907,423,6.9
907,205,9.8
907,2667,4.0
908,1288,3.1
908,505,8.5
908,3286,5.7
908,3702,5.2
908,3625,4.0
908,1783,3.5
908,96,8.0
908,3665,8.4
908,3613,8.5
909,3057,7.8
909,2934,6.5
909,983,4.9
909,2481,6.2
909,3192,7.4
910,3765,5.3
910,2909,7.5
910,758,5.3
910,1439,4.8
910,1505,4.1
910,3676,6.1
910,2970,3.8
910,270,6.7
911,3075,3.1
911,414,9.0
911,1698,3.9
911,145,8.9
911,1260,5.0
911,3628,3.1
911,1028,4.4
911,1485,8.4
911,668,9.0
912,2694,7.6
912,790,4.8
913,116,7.7
913,3566,3.7
913,2829,6.2
915,2497,9.2
915,937,3.2
915,2042,5.7
915,367,6.1
915,1817,4.0
915,1383,5.4
915,3306,4.0
915,1659,6.6
915,1287,4.0
916,1184,5.1
916,1251,6.7
916,1903,8.7
916,2932,4.2
916,1049,6.7
916,1454,4.5
916,1276,3.8
916,292,4.6
917,2850,6.7
917,1113,9.8
917,860,4.8
917,838,7.6
918,2697,5.8
918,1630,3.9
918,1421,5.6
918,1160,4.5
918,1688,6.9
918,2052,6.0
918,1908,4.2
919,1900,6.9
919,945,3.8
920,1450,4.0
920,3519,5.4
920,451,7.2
921,2225,9.7
921,2676,6.2
921,1036,3.6
921,515,7.3
921,2887,9.8
921,3028,8.2
922,3267,8.9
922,1313,5.6
923,384,9.0
923,735,5.8
923,1205,6.9
923,591,4.9
923,235,10.0
923,2986,3.5
923,2217,3.8
923,2315,5.8
923,2011,5.1
924,3334,8.9
924,3678,5.9
924,1202,6.0
924,2205,5.4
924,2840,5.6
925,1459,4.0
925,3549,8.4
925,997,8.2
925,3703,6.0
925,3557,9.5
925,2229,8.4
926,3440,7.2
927,296,9.6
927,3759,3.5
927,3101,9.5
927,3312,3.6
927,2607,4.3
927,1786,6.6
927,3163,6.5
928,3282,3.6
928,1635,9.1
928,2557,8.6
928,2878,8.1
928,2854,7.9
928,1511,3.7
928,1243,5.7
928,1246,8.6
928,1674,5.1
929,1060,3.2
931,2583,7.4
932,2847,9.9
932,1647,6.8
932,3309,7.4
932,2026,8.3
932,88,6.3
932,1408,3.1
933,550,6.7
933,3125,4.9
933,2034,5.4
933,40,5.1
933,1774,6.9
933,1675,5.2
933,308,9.7
933,1365,6.0
933,2326,7.5
934,142,5.1
934,1161,7.5
934,840,7.1
934,3362,4.6
934,3674,6.7
934,1097,5.3
934,2336,6.2
935,2244,4.9
935,867,8.2
935,145,7.6
936,2922,6.9
937,742,9.9
937,6,9.7
937,2073,3.3
937,3234,3.8
937,1968,3.8
937,2922,3.9
937,2967,7.8
937,2738,4.2
937,3391,9.1
938,2477,9.1
938,3519,6.5
938,1285,9.8
938,449,6.8
938,1383,4.8
938,1661,7.7
938,850,5.5
938,601,5.1
939,3329,3.1
939,3014,7.0
939,3175,5.4
940,3216,7.4
940,3565,8.5
940,1852,6.1
940,3154,3.8
941,1561,4.5
941,1754,10.0
941,131,9.1
941,2232,7.7
941,2022,7.3
941,689,5.4
942,2813,6.3
942,17,5.2
942,1469,5.5
942,3017,7.2
942,2261,8.3
942,995,8.4
942,1516,7.3
942,1766,9.2
943,3139,3.9
943,2500,8.2
943,3099,9.4
943,3095,4.7
943,2228,3.9
943,2422,6.1
943,1816,8.6
943,919,3.1
944,807,9.2
944,1170,6.4
944,3164,8.4
944,2878,5.0
944,1510,7.4
944,3476,8.8
945,3760,5.6
945,235,9.3
945,2801,7.0
945,2053,9.0
946,2166,8.7
946,2634,6.7
946,400,7.9
946,2684,7.2
946,3013,4.4
946,366,9.7
946,2525,3.7
946,2263,4.3
946,35,9.4
947,2598,8.8
947,1573,3.7
947,390,3.4
947,2842,6.8
948,40,5.1
948,1357,3.1
948,2458,7.6
948,2303,5.8
948,3230,8.2
948,1668,4.1
949,6,9.0
949,2875,5.8
949,1855,7.2
949,3679,5.8
949,2053,7.3
949,1530,9.2
949,2699,3.6
950,1853,10.0
950,2160,3.4
950,880,3.6
950,3383,10.0
950,2158,5.0
950,956,8.7
950,889,5.3
951,2509,4.1
951,2142,9.8
951,942,8.3
951,3205,5.1
952,2336,3.7
952,975,3.1
952,753,6.2
952,2840,5.4
952,2003,5.2
952,1273,4.5
953,3710,4.2
953,3544,4.5
953,2481,7.3
953,1864,7.4
953,3361,3.3
953,1375,3.9
953,2936,3.4
953,113,9.2
955,2717,9.9
955,157,7.9
955,774,3.2
955,887,7.1
955,208,7.1
955,662,5.0
955,2125,3.8
955,1903,8.4
955,1168,7.6
957,632,6.4
957,2531,8.1
957,3163,3.8
957,1908,5.5
957,2424,4.6
957,2198,7.7
957,371,8.1
957,2192,5.1
958,3677,7.4
958,3101,4.1
958,1904,4.2
958,2228,6.9
958,3592,6.6
958,6,3.2
958,2109,9.8
958,3588,8.8
959,2513,3.5
959,2445,8.0
959,3521,4.6
960,1035,5.0
960,1777,3.4
960,2304,8.5
960,154,3.3
960,65,4.2
960,2758,7.2
960,123,5.6
960,3724,4.5
960,2724,9.8
961,55,3.4
961,1494,9.2
961,1853,3.0
961,2034,8.7
961,698,6.7
961,716,5.0
961,2209,8.1
961,3628,3.7
962,1764,6.1
962,3737,6.7
962,1693,7.5
962,1021,6.9
962,3052,8.8
962,1498,8.0
963,2268,9.7
963,3258,5.9
964,2537,8.5
964,2688,8.9
964,302,9.7
964,3625,8.2
964,3609,4.3
964,3640,4.9
966,2220,8.8
966,2296,7.5
966,651,9.4
966,1742,6.1
966,789,3.6
966,2782,6.9
966,3182,3.4
966,3713,4.1
967,7,5.4
967,589,9.8
967,2530,5.8
967,2682,4.0
967,1017,8.5
967,726,7.5
967,3344,8.1
968,3325,10.0
968,555,9.2
968,3294,6.3
968,2131,9.4
969,1036,4.4
970,2882,8.2
970,3503,7.4
970,2464,6.2
970,3297,7.3
970,1255,8.9
970,2153,7.0
970,1557,5.4
970,1144,7.4
970,3374,4.1
972,3170,8.4
972,453,9.1
972,2593,8.4
972,651,8.4
972,2542,3.8
972,39,3.4
972,599,8.9
972,1887,9.5
972,977,3.2
973,1946,6.0
973,3144,8.4
973,1103,6.5
973,3209,8.8
974,241,7.8
974,336,5.7
974,3159,3.5
974,3183,6.9
974,1970,8.0
974,706,9.3
974,2603,7.7
975,1868,3.9
976,1444,8.6
976,3356,3.1
976,3503,5.8
976,3109,8.8
976,3522,4.8
976,135,9.5
977,2253,3.3
978,1965,8.6
978,3526,9.5
978,2675,5.1
978,3440,6.1
978,2022,3.0
978,1149,3.1
979,120,7.3
980,261,4.3
981,1861,4.6
981,1852,9.0
981,3035,8.6
982,2303,6.5
983,3663,3.5
983,990,4.2
983,2883,6.3
983,3549,8.1
983,2372,8.8
983,3468,9.8
983,1935,8.6
985,3401,9.1
985,3011,3.6
985,1180,6.3
985,917,9.2
985,871,5.6
985,2587,3.1
985,1535,5.3
987,935,4.1
987,3297,5.4
987,789,3.4
987,2472,7.9
987,588,8.1
988,2650,7.6
988,166,8.4
988,3388,3.5
988,3104,8.0
988,2481,5.1
988,1439,6.8
989,709,8.1
989,2140,9.0
989,2195,4.6
989,1385,5.3
989,764,8.5
989,2210,3.2
989,2961,8.5
989,2459,7.8
990,1492,5.1
990,306,7.7
990,1399,5.7
990,1295,4.6
991,3521,4.3
991,2936,9.9
991,280,4.0
991,2628,5.3
991,406,5.9
991,1892,5.0
991,2845,7.7
991,2368,7.9
991,2913,3.8
992,902,9.3
992,3594,7.4
993,1737,5.0
994,223,8.7
995,2840,6.0
995,1088,7.9
995,2887,3.8
995,3289,3.7
996,2510,4.5
997,2105,5.6
997,650,3.3
997,1457,7.2
997,2374,9.6
997,3215,5.7
997,2253,7.0
997,3371,9.9
997,876,6.3
997,91,5.4
998,273,4.9
998,2749,6.8
998,2074,7.0
998,749,6.4
998,2738,9.3
999,536,7.1
